source_id,source_name,owner,grain,frequency,use_case,access_method,project_status,limitation,url
statcan_23100253,Air passenger traffic at Canadian airports,Statistics Canada,airport,annual,Airport-level demand context and calibration,CSV full table download,ready_to_download,Not route-month passenger demand,https://www150.statcan.gc.ca/t1/tbl1/en/tv.action?pid=2310025301
statcan_23100312,Screened passenger traffic at largest airports,Statistics Canada,airport,monthly,Hub-level passenger context,CSV full table download,ready_to_download,Covers largest airports rather than most regional airports,https://www150.statcan.gc.ca/t1/tbl1/en/tv.action?pid=2310031201
statcan_23100302,Domestic and international itinerant movements by type of operation,Statistics Canada,airport,monthly,Airport-level supply and activity proxy,CSV full table download,usable_for_mvp,Not route-level; destination airport not identified,https://www150.statcan.gc.ca/t1/tbl1/en/tv.action?pid=2310030201
statcan_23100304,Domestic and international itinerant movements by geography,Statistics Canada,airport_category,monthly,Rejected after inspection,CSV full table download,rejected,Only total airport categories rather than specific airport rows,https://www150.statcan.gc.ca/t1/tbl1/en/tv.action?pid=2310030401
opensky_airport_flights,Airport arrivals and departures,OpenSky Network,airport-flight,event,Route activity and supply proxy,REST API,blocked_without_auth,Probe returned HTTP 403 in current environment; needs credentials or alternative source,https://openskynetwork.github.io/opensky-api/rest.html
eccc_climate,Historical climate data,Environment and Climate Change Canada,station-day or station-month,daily_monthly,Weather and disruption features,CSV/API,to_validate,Station coverage varies,https://climat.weather.gc.ca/historical_data/search_historic_data_e.html
google_trends,Google Trends search interest,Google,query-region-week or month,weekly_monthly,Demand-signal proxy,Manual export or documented workflow,to_validate,Normalized noisy index not true search volume,https://support.google.com/trends/answer/4365533
canada_holidays,Canada Holidays API,Canada-Holidays.ca,date-province,daily,Holiday and long-weekend features,REST API,ready_to_download,Third-party open API; verify against official holidays when needed,https://canada-holidays.ca/api
meridian,Google Meridian,Google,model_input,modeling,Marketing response model and budget optimization,Python package,later_phase,Requires valid media data and compute planning,https://developers.google.com/meridian/mmm
